"Indikatorens navn";"Fylke nummer";"Fylke navn";"Verdsatte naturtype";"Regnskapsperiode";"Areal verdsatte naturtyper gått tapt (dekar)";"Usikkerhet for areal i regnskapsperiode"
"ENCACC_002";"03";"Oslo";"Flomskogsmark";"2018-2024";0.44;"Yellow"
"ENCACC_002";"03";"Oslo";"Frisk kalkedellauvskog";"2018-2024";0.01;"Yellow"
"ENCACC_002";"03";"Oslo";"Frisk lågurtedellauvskog";"2018-2024";0.49;"Yellow"
"ENCACC_002";"03";"Oslo";"Gammel granskog";"2018-2024";0.26;"Yellow"
"ENCACC_002";"03";"Oslo";"Gammel høgstaudegråorskog";"2018-2024";0.28;"Yellow"
"ENCACC_002";"03";"Oslo";"Hule eiker";"2018-2024";0.62;"Yellow"
"ENCACC_002";"03";"Oslo";"Kalkedellauvskog";"2018-2024";0.51;"Yellow"
"ENCACC_002";"03";"Oslo";"Rik edellauvskog";"2018-2024";0.06;"Yellow"
"ENCACC_002";"03";"Oslo";"Slåttemark";"2018-2024";0.17;"Yellow"
"ENCACC_002";"03";"Oslo";"Store gamle trær";"2018-2024";0.21;"Yellow"
"ENCACC_002";"11";"Rogaland";"Boreal hei";"2018-2024";11.01;"Yellow"
"ENCACC_002";"11";"Rogaland";"Eng-aktig sterkt endret fastmark";"2018-2024";1.26;"Yellow"
"ENCACC_002";"11";"Rogaland";"Frisk lågurtedellauvskog";"2018-2024";0.19;"Yellow"
"ENCACC_002";"11";"Rogaland";"Gammel fattig edellauvskog";"2018-2024";0.12;"Yellow"
"ENCACC_002";"11";"Rogaland";"Hagemark";"2018-2024";0.89;"Yellow"
"ENCACC_002";"11";"Rogaland";"Hule eiker";"2018-2024";17.72;"Yellow"
"ENCACC_002";"11";"Rogaland";"Høstingsskog";"2018-2024";1.47;"Yellow"
"ENCACC_002";"11";"Rogaland";"Intakt lavlandsmyr i innlandet";"2018-2024";3.7;"Yellow"
"ENCACC_002";"11";"Rogaland";"Kalkrik alm-lind-hasselskog";"2018-2024";0.56;"Yellow"
"ENCACC_002";"11";"Rogaland";"Kanthøymyr";"2018-2024";0.17;"Yellow"
"ENCACC_002";"11";"Rogaland";"Kroksjøer, flomdammer og meandrerende elveparti";"2018-2024";1.02;"Yellow"
"ENCACC_002";"11";"Rogaland";"Kystlynghei";"2018-2024";1075.42;"Yellow"
"ENCACC_002";"11";"Rogaland";"Lågurtalm-lind-hasselskog";"2018-2024";0.16;"Yellow"
"ENCACC_002";"11";"Rogaland";"Naturbeitemark";"2018-2024";63.55;"Yellow"
"ENCACC_002";"11";"Rogaland";"Parklandskap";"2018-2024";1.05;"Yellow"
"ENCACC_002";"11";"Rogaland";"Rik edellauvskog";"2018-2024";2.51;"Yellow"
"ENCACC_002";"11";"Rogaland";"Rik kulturlandskapssjø";"2018-2024";1.03;"Yellow"
"ENCACC_002";"11";"Rogaland";"Semi-naturlig eng";"2018-2024";2.05;"Yellow"
"ENCACC_002";"11";"Rogaland";"Semi-naturlig strandeng";"2018-2024";2.04;"Yellow"
"ENCACC_002";"11";"Rogaland";"Slåttemark";"2018-2024";0;"Yellow"
"ENCACC_002";"11";"Rogaland";"Øyblandingsmyr";"2018-2024";0.29;"Yellow"
"ENCACC_002";"15";"Møre og Romsdal";"Boreal hei";"2018-2024";4.41;"Yellow"
"ENCACC_002";"15";"Møre og Romsdal";"Eng-aktig sterkt endret fastmark";"2018-2024";2.02;"Yellow"
"ENCACC_002";"15";"Møre og Romsdal";"Flomskogsmark";"2018-2024";2.22;"Yellow"
"ENCACC_002";"15";"Møre og Romsdal";"Frisk lågurtedellauvskog";"2018-2024";0.14;"Yellow"
"ENCACC_002";"15";"Møre og Romsdal";"Gammel barskog";"2018-2024";1.25;"Yellow"
"ENCACC_002";"15";"Møre og Romsdal";"Hagemark";"2018-2024";10.28;"Yellow"
"ENCACC_002";"15";"Møre og Romsdal";"Hule eiker";"2018-2024";0.48;"Yellow"
"ENCACC_002";"15";"Møre og Romsdal";"Høstingsskog";"2018-2024";7.41;"Yellow"
"ENCACC_002";"15";"Møre og Romsdal";"Kalkskog";"2018-2024";4.52;"Yellow"
"ENCACC_002";"15";"Møre og Romsdal";"Kroksjøer, flomdammer og meandrerende elveparti";"2018-2024";0.39;"Yellow"
"ENCACC_002";"15";"Møre og Romsdal";"Kystlynghei";"2018-2024";363.37;"Yellow"
"ENCACC_002";"15";"Møre og Romsdal";"Kystmyr";"2018-2024";0.67;"Yellow"
"ENCACC_002";"15";"Møre og Romsdal";"Lågurtalm-lind-hasselskog";"2018-2024";0;"Yellow"
"ENCACC_002";"15";"Møre og Romsdal";"Lågurtfuruskog";"2018-2024";0;"Yellow"
"ENCACC_002";"15";"Møre og Romsdal";"Naturbeitemark";"2018-2024";18.47;"Yellow"
"ENCACC_002";"15";"Møre og Romsdal";"Olivinskog";"2018-2024";8.79;"Yellow"
"ENCACC_002";"15";"Møre og Romsdal";"Rik blandingsskog i lavlandet";"2018-2024";3.27;"Yellow"
"ENCACC_002";"15";"Møre og Romsdal";"Rik edellauvskog";"2018-2024";0.67;"Yellow"
"ENCACC_002";"15";"Møre og Romsdal";"Rik åpen jordvannsmyr i mellomboreal sone";"2018-2024";0.5;"Yellow"
"ENCACC_002";"15";"Møre og Romsdal";"Rik åpen sørlig jordvannsmyr";"2018-2024";0.03;"Yellow"
"ENCACC_002";"15";"Møre og Romsdal";"Rikmyr";"2018-2024";7.8;"Orange"
"ENCACC_002";"15";"Møre og Romsdal";"Semi-naturlig strandeng";"2018-2024";0.14;"Yellow"
"ENCACC_002";"15";"Møre og Romsdal";"Slåtte- og beitemyr";"2018-2024";6.49;"Yellow"
"ENCACC_002";"15";"Møre og Romsdal";"Slåttemark";"2018-2024";6.09;"Yellow"
"ENCACC_002";"15";"Møre og Romsdal";"Strandeng";"2018-2024";1.06;"Yellow"
"ENCACC_002";"15";"Møre og Romsdal";"Sørlig nedbørsmyr";"2018-2024";9.62;"Yellow"
"ENCACC_002";"15";"Møre og Romsdal";"Ultrabasisk og tungmetallrik mark i lavlandet";"2018-2024";1.06;"Yellow"
"ENCACC_002";"15";"Møre og Romsdal";"Ur og rasmark";"2018-2024";0.96;"Yellow"
"ENCACC_002";"15";"Møre og Romsdal";"Viktig bekkedrag";"2018-2024";0.3;"Yellow"
"ENCACC_002";"18";"Nordland - Nordlánnda";"Boreal hei";"2018-2024";24.44;"Yellow"
"ENCACC_002";"18";"Nordland - Nordlánnda";"Eng-aktig sterkt endret fastmark";"2018-2024";0.21;"Yellow"
"ENCACC_002";"18";"Nordland - Nordlánnda";"Gammel grandominert naturskog";"2018-2024";4.08;"Yellow"
"ENCACC_002";"18";"Nordland - Nordlánnda";"Gammel granskog med liggende død ved";"2018-2024";0.24;"Yellow"
"ENCACC_002";"18";"Nordland - Nordlánnda";"Gammel lågurtselje-rogneskog";"2018-2024";0.96;"Yellow"
"ENCACC_002";"18";"Nordland - Nordlánnda";"Kalk- og lågurtfuruskog";"2018-2024";0.16;"Yellow"
"ENCACC_002";"18";"Nordland - Nordlánnda";"Kalksjø";"2018-2024";10.79;"Yellow"
"ENCACC_002";"18";"Nordland - Nordlánnda";"Kystlynghei";"2018-2024";31.93;"Yellow"
"ENCACC_002";"18";"Nordland - Nordlánnda";"Kystmyr";"2018-2024";3.08;"Yellow"
"ENCACC_002";"18";"Nordland - Nordlánnda";"Lågurtfuruskog";"2018-2024";0.48;"Yellow"
"ENCACC_002";"18";"Nordland - Nordlánnda";"Nakent tørkeutsatt kalkberg";"2018-2024";0.02;"Yellow"
"ENCACC_002";"18";"Nordland - Nordlánnda";"Naturbeitemark";"2018-2024";6.51;"Yellow"
"ENCACC_002";"18";"Nordland - Nordlánnda";"Regnskog";"2018-2024";7.57;"Orange"
"ENCACC_002";"18";"Nordland - Nordlánnda";"Rik åpen jordvannsmyr i mellomboreal sone";"2018-2024";1.62;"Yellow"
"ENCACC_002";"18";"Nordland - Nordlánnda";"Rikmyr";"2018-2024";56.78;"Yellow"
"ENCACC_002";"18";"Nordland - Nordlánnda";"Rikt strandberg";"2018-2024";6.57;"Yellow"
"ENCACC_002";"18";"Nordland - Nordlánnda";"Sanddyne";"2018-2024";3.9;"Yellow"
"ENCACC_002";"18";"Nordland - Nordlánnda";"Semi-naturlig eng";"2018-2024";0.39;"Yellow"
"ENCACC_002";"18";"Nordland - Nordlánnda";"Slåttemark";"2018-2024";0.25;"Yellow"
"ENCACC_002";"18";"Nordland - Nordlánnda";"Strandeng";"2018-2024";0.34;"Yellow"
"ENCACC_002";"18";"Nordland - Nordlánnda";"Strandeng og strandsump";"2018-2024";0.07;"Yellow"
"ENCACC_002";"18";"Nordland - Nordlánnda";"Åpen flomfastmark";"2018-2024";0.06;"Yellow"
"ENCACC_002";"18";"Nordland - Nordlánnda";"Åpen kalkmark";"2018-2024";0.01;"Yellow"
"ENCACC_002";"31";"Østfold";"Dam";"2018-2024";0.12;"Yellow"
"ENCACC_002";"31";"Østfold";"Eng-aktig sterkt endret fastmark";"2018-2024";3.8;"Yellow"
"ENCACC_002";"31";"Østfold";"Flomskogsmark";"2018-2024";1.78;"Yellow"
"ENCACC_002";"31";"Østfold";"Frisk lågurtedellauvskog";"2018-2024";1.11;"Yellow"
"ENCACC_002";"31";"Østfold";"Gammel fattig edellauvskog";"2018-2024";0.1;"Yellow"
"ENCACC_002";"31";"Østfold";"Gammel furudominert naturskog";"2018-2024";6.38;"Yellow"
"ENCACC_002";"31";"Østfold";"Gammel furuskog";"2018-2024";9.2;"Yellow"
"ENCACC_002";"31";"Østfold";"Gammel furuskog med gamle trær";"2018-2024";14.19;"Yellow"
"ENCACC_002";"31";"Østfold";"Gammel granskog med gamle trær";"2018-2024";0;"Yellow"
"ENCACC_002";"31";"Østfold";"Gammel granskog med liggende død ved";"2018-2024";0.04;"Yellow"
"ENCACC_002";"31";"Østfold";"Gammel granskog med stående død ved";"2018-2024";0.04;"Yellow"
"ENCACC_002";"31";"Østfold";"Hagemark";"2018-2024";1.41;"Yellow"
"ENCACC_002";"31";"Østfold";"Hule eiker";"2018-2024";30.82;"Yellow"
"ENCACC_002";"31";"Østfold";"Hurtigstrømmende elveløp";"2018-2024";0.57;"Yellow"
"ENCACC_002";"31";"Østfold";"Høgstaude-edellauvskog";"2018-2024";0.01;"Yellow"
"ENCACC_002";"31";"Østfold";"Intakt lavlandsmyr i innlandet";"2018-2024";0.34;"Yellow"
"ENCACC_002";"31";"Østfold";"Kalkbarskog";"2018-2024";0.58;"Yellow"
"ENCACC_002";"31";"Østfold";"Kroksjøer, flomdammer og meandrerende elveparti";"2018-2024";0.12;"Yellow"
"ENCACC_002";"31";"Østfold";"Kystlynghei";"2018-2024";5.67;"Yellow"
"ENCACC_002";"31";"Østfold";"Lågurteikeskog";"2018-2024";0.27;"Yellow"
"ENCACC_002";"31";"Østfold";"Lågurtfuruskog";"2018-2024";5.16;"Yellow"
"ENCACC_002";"31";"Østfold";"Naturbeitemark";"2018-2024";8.6;"Yellow"
"ENCACC_002";"31";"Østfold";"Rik edellauvskog";"2018-2024";2.63;"Yellow"
"ENCACC_002";"31";"Østfold";"Rik kulturlandskapssjø";"2018-2024";0.13;"Orange"
"ENCACC_002";"31";"Østfold";"Rik svartorstrandskog";"2018-2024";1.15;"Yellow"
"ENCACC_002";"31";"Østfold";"Rik svartorsumpskog";"2018-2024";0.06;"Yellow"
"ENCACC_002";"31";"Østfold";"Semi-naturlig eng";"2018-2024";0.02;"Yellow"
"ENCACC_002";"31";"Østfold";"Semi-naturlig strandeng";"2018-2024";0.03;"Yellow"
"ENCACC_002";"31";"Østfold";"Slåttemark";"2018-2024";0.07;"Yellow"
"ENCACC_002";"31";"Østfold";"Store gamle trær";"2018-2024";6.78;"Orange"
"ENCACC_002";"31";"Østfold";"Viktig bekkedrag";"2018-2024";0.52;"Yellow"
"ENCACC_002";"31";"Østfold";"Åpen flomfastmark";"2018-2024";4.9;"Yellow"
"ENCACC_002";"31";"Østfold";"Åpen grunnlendt kalkmark i boreonemoral sone";"2018-2024";0.03;"Yellow"
"ENCACC_002";"32";"Akershus";"Eng-aktig sterkt endret fastmark";"2018-2024";1.89;"Yellow"
"ENCACC_002";"32";"Akershus";"Flomskogsmark";"2018-2024";10.98;"Yellow"
"ENCACC_002";"32";"Akershus";"Frisk kalkedellauvskog";"2018-2024";4.91;"Yellow"
"ENCACC_002";"32";"Akershus";"Frisk kalkgranskog";"2018-2024";1.16;"Yellow"
"ENCACC_002";"32";"Akershus";"Frisk lågurtedellauvskog";"2018-2024";18.31;"Yellow"
"ENCACC_002";"32";"Akershus";"Frisk rik edellauvskog";"2018-2024";1.68;"Yellow"
"ENCACC_002";"32";"Akershus";"Gammel furuskog med gamle trær";"2018-2024";3.97;"Yellow"
"ENCACC_002";"32";"Akershus";"Gammel furuskog med stående død ved";"2018-2024";1.48;"Yellow"
"ENCACC_002";"32";"Akershus";"Gammel granskog";"2018-2024";0.31;"Yellow"
"ENCACC_002";"32";"Akershus";"Gammel granskog med gamle trær";"2018-2024";0.06;"Yellow"
"ENCACC_002";"32";"Akershus";"Gammel granskog med liggende død ved";"2018-2024";0.28;"Yellow"
"ENCACC_002";"32";"Akershus";"Gammel høgstaudegråorskog";"2018-2024";9.19;"Yellow"
"ENCACC_002";"32";"Akershus";"Gammel lågurtgranskog";"2018-2024";2.95;"Yellow"
"ENCACC_002";"32";"Akershus";"Gammel lågurtospeskog";"2018-2024";0.76;"Yellow"
"ENCACC_002";"32";"Akershus";"Gammel lågurtselje-rogneskog";"2018-2024";0.19;"Yellow"
"ENCACC_002";"32";"Akershus";"Gråor-heggeskog";"2018-2024";5.42;"Yellow"
"ENCACC_002";"32";"Akershus";"Hagemark";"2018-2024";12.02;"Yellow"
"ENCACC_002";"32";"Akershus";"Hule eiker";"2018-2024";30.69;"Yellow"
"ENCACC_002";"32";"Akershus";"Høgstaude-edellauvskog";"2018-2024";0.63;"Yellow"
"ENCACC_002";"32";"Akershus";"Intakt lavlandsmyr i innlandet";"2018-2024";0.19;"Yellow"
"ENCACC_002";"32";"Akershus";"Kalk- og lågurtfuruskog";"2018-2024";8.64;"Yellow"
"ENCACC_002";"32";"Akershus";"Kalkbarskog, grandominert";"2018-2024";0.43;"Yellow"
"ENCACC_002";"32";"Akershus";"Kalkedellauvskog";"2018-2024";1.07;"Yellow"
"ENCACC_002";"32";"Akershus";"Kalkfuruskog";"2018-2024";4.34;"Yellow"
"ENCACC_002";"32";"Akershus";"Kalkgranskog";"2018-2024";2.93;"Yellow"
"ENCACC_002";"32";"Akershus";"Kalkhasselskog";"2018-2024";0.09;"Yellow"
"ENCACC_002";"32";"Akershus";"Kalklindeskog";"2018-2024";1.4;"Yellow"
"ENCACC_002";"32";"Akershus";"Kalkrik alm-lind-hasselskog";"2018-2024";2.3;"Yellow"
"ENCACC_002";"32";"Akershus";"Kalkrik helofyttsump";"2018-2024";0;"Yellow"
"ENCACC_002";"32";"Akershus";"Kalksjø";"2018-2024";0.07;"Yellow"
"ENCACC_002";"32";"Akershus";"Kroksjøer, flomdammer og meandrerende elveparti";"2018-2024";0.01;"Yellow"
"ENCACC_002";"32";"Akershus";"Lågurtalm-lind-hasselskog";"2018-2024";2.03;"Yellow"
"ENCACC_002";"32";"Akershus";"Lågurtedellauvskog";"2018-2024";2.87;"Yellow"
"ENCACC_002";"32";"Akershus";"Lågurteikeskog";"2018-2024";1.87;"Yellow"
"ENCACC_002";"32";"Akershus";"Lågurtfuruskog";"2018-2024";13.74;"Yellow"
"ENCACC_002";"32";"Akershus";"Mudderbank";"2018-2024";2.62;"Orange"
"ENCACC_002";"32";"Akershus";"Naturbeitemark";"2018-2024";5.8;"Yellow"
"ENCACC_002";"32";"Akershus";"Ravinedal";"2018-2024";38.47;"Yellow"
"ENCACC_002";"32";"Akershus";"Rik edellauvskog";"2018-2024";12.39;"Yellow"
"ENCACC_002";"32";"Akershus";"Rik gransumpskog";"2018-2024";0.93;"Yellow"
"ENCACC_002";"32";"Akershus";"Rik gråorsumpskog";"2018-2024";0.01;"Yellow"
"ENCACC_002";"32";"Akershus";"Rik sump- og kildeskog";"2018-2024";4.57;"Yellow"
"ENCACC_002";"32";"Akershus";"Rik svartorsumpskog";"2018-2024";0.84;"Yellow"
"ENCACC_002";"32";"Akershus";"Rik åpen sørlig jordvannsmyr";"2018-2024";0.49;"Yellow"
"ENCACC_002";"32";"Akershus";"Saltpåvirket svartorstrandskog";"2018-2024";0.03;"Yellow"
"ENCACC_002";"32";"Akershus";"Semi-naturlig eng";"2018-2024";4.14;"Yellow"
"ENCACC_002";"32";"Akershus";"Slåttemark";"2018-2024";2.43;"Yellow"
"ENCACC_002";"32";"Akershus";"Store gamle trær";"2018-2024";4.28;"Yellow"
"ENCACC_002";"32";"Akershus";"Svært tørkeutsatt sørlig kalkberg";"2018-2024";0.3;"Yellow"
"ENCACC_002";"32";"Akershus";"Tørkeutsatt kalkgranskog";"2018-2024";0.16;"Yellow"
"ENCACC_002";"32";"Akershus";"Viktig bekkedrag";"2018-2024";0.05;"Yellow"
"ENCACC_002";"32";"Akershus";"Åpen grunnlendt kalkmark i boreonemoral sone";"2018-2024";0.21;"Yellow"
"ENCACC_002";"32";"Akershus";"Åpen kalkmark";"2018-2024";0.42;"Yellow"
"ENCACC_002";"33";"Buskerud";"Boreal hei";"2018-2024";56.32;"Yellow"
"ENCACC_002";"33";"Buskerud";"Eng-aktig sterkt endret fastmark";"2018-2024";1.36;"Yellow"
"ENCACC_002";"33";"Buskerud";"Flommarksskog";"2018-2024";0.06;"Yellow"
"ENCACC_002";"33";"Buskerud";"Flomskogsmark";"2018-2024";2.04;"Yellow"
"ENCACC_002";"33";"Buskerud";"Frisk lågurtedellauvskog";"2018-2024";5.39;"Yellow"
"ENCACC_002";"33";"Buskerud";"Frisk lågurtfuruskog";"2018-2024";0;"Yellow"
"ENCACC_002";"33";"Buskerud";"Gammel fattig sumpskog";"2018-2024";1.36;"Yellow"
"ENCACC_002";"33";"Buskerud";"Gammel furuskog med gamle trær";"2018-2024";2.07;"Yellow"
"ENCACC_002";"33";"Buskerud";"Gammel furuskog med liggende død ved";"2018-2024";0.07;"Yellow"
"ENCACC_002";"33";"Buskerud";"Gammel furuskog med stående død ved";"2018-2024";3.92;"Yellow"
"ENCACC_002";"33";"Buskerud";"Gammel grandominert naturskog";"2018-2024";2.09;"Yellow"
"ENCACC_002";"33";"Buskerud";"Gammel granskog";"2018-2024";11.45;"Yellow"
"ENCACC_002";"33";"Buskerud";"Gammel granskog med gamle trær";"2018-2024";17.09;"Yellow"
"ENCACC_002";"33";"Buskerud";"Gammel granskog med liggende død ved";"2018-2024";0.48;"Yellow"
"ENCACC_002";"33";"Buskerud";"Hagemark";"2018-2024";5.88;"Yellow"
"ENCACC_002";"33";"Buskerud";"Hule eiker";"2018-2024";5.15;"Yellow"
"ENCACC_002";"33";"Buskerud";"Høgereligende og nordlig nedbørsmyr";"2018-2024";27.02;"Yellow"
"ENCACC_002";"33";"Buskerud";"Høgstaude-edellauvskog";"2018-2024";0;"Yellow"
"ENCACC_002";"33";"Buskerud";"Kalk- og lågurtfuruskog";"2018-2024";0.57;"Yellow"
"ENCACC_002";"33";"Buskerud";"Kalkbarskog";"2018-2024";6.75;"Yellow"
"ENCACC_002";"33";"Buskerud";"Kalkbarskog, grandominert";"2018-2024";0.89;"Yellow"
"ENCACC_002";"33";"Buskerud";"Kalkbjørkeskog";"2018-2024";0.03;"Yellow"
"ENCACC_002";"33";"Buskerud";"Kalkedellauvskog";"2018-2024";0.13;"Yellow"
"ENCACC_002";"33";"Buskerud";"Kalkfuruskog";"2018-2024";9.68;"Yellow"
"ENCACC_002";"33";"Buskerud";"Kalklindeskog";"2018-2024";0.4;"Yellow"
"ENCACC_002";"33";"Buskerud";"Kalkrik alm-lind-hasselskog";"2018-2024";12.83;"Yellow"
"ENCACC_002";"33";"Buskerud";"Kalkrik helofyttsump";"2018-2024";0.02;"Yellow"
"ENCACC_002";"33";"Buskerud";"Kroksjøer, flomdammer og meandrerende elveparti";"2018-2024";2.42;"Yellow"
"ENCACC_002";"33";"Buskerud";"Lågurtedellauvskog";"2018-2024";3.06;"Yellow"
"ENCACC_002";"33";"Buskerud";"Lågurteikeskog";"2018-2024";0.55;"Yellow"
"ENCACC_002";"33";"Buskerud";"Lågurtfuruskog";"2018-2024";8.12;"Yellow"
"ENCACC_002";"33";"Buskerud";"Nakent tørkeutsatt kalkberg";"2018-2024";0.01;"Yellow"
"ENCACC_002";"33";"Buskerud";"Naturbeitemark";"2018-2024";19.35;"Yellow"
"ENCACC_002";"33";"Buskerud";"Ravinedal";"2018-2024";1.57;"Yellow"
"ENCACC_002";"33";"Buskerud";"Rik barskog";"2018-2024";0;"Yellow"
"ENCACC_002";"33";"Buskerud";"Rik edellauvskog";"2018-2024";7;"Yellow"
"ENCACC_002";"33";"Buskerud";"Rik gransumpskog";"2018-2024";0.37;"Yellow"
"ENCACC_002";"33";"Buskerud";"Rik sandfuruskog";"2018-2024";2.13;"Yellow"
"ENCACC_002";"33";"Buskerud";"Semi-naturlig eng";"2018-2024";9.15;"Yellow"
"ENCACC_002";"33";"Buskerud";"Semi-naturlig strandeng";"2018-2024";1.19;"Yellow"
"ENCACC_002";"33";"Buskerud";"Semi-naturlig våteng";"2018-2024";1.85;"Yellow"
"ENCACC_002";"33";"Buskerud";"Slåttemark";"2018-2024";12.85;"Yellow"
"ENCACC_002";"33";"Buskerud";"Slåttemyr";"2018-2024";0.46;"Yellow"
"ENCACC_002";"33";"Buskerud";"Strandeng";"2018-2024";0.01;"Yellow"
"ENCACC_002";"33";"Buskerud";"Åpen kalkmark";"2018-2024";0.3;"Yellow"
"ENCACC_002";"34";"Innlandet";"Boreal hei";"2018-2024";8.74;"Yellow"
"ENCACC_002";"34";"Innlandet";"Eng-aktig sterkt endret fastmark";"2018-2024";9.52;"Yellow"
"ENCACC_002";"34";"Innlandet";"Erstatningsbiotoper på berg og åpen jord";"2018-2024";10.41;"Yellow"
"ENCACC_002";"34";"Innlandet";"Flommarksskog";"2018-2024";1.4;"Yellow"
"ENCACC_002";"34";"Innlandet";"Flomskogsmark";"2018-2024";6.7;"Yellow"
"ENCACC_002";"34";"Innlandet";"Frisk kalkgranskog";"2018-2024";2.43;"Yellow"
"ENCACC_002";"34";"Innlandet";"Gammel furuskog med stående død ved";"2018-2024";8.83;"Yellow"
"ENCACC_002";"34";"Innlandet";"Gammel granskog";"2018-2024";0.52;"Yellow"
"ENCACC_002";"34";"Innlandet";"Gammel granskog med gamle trær";"2018-2024";0.93;"Yellow"
"ENCACC_002";"34";"Innlandet";"Gammel granskog med liggende død ved";"2018-2024";0.06;"Yellow"
"ENCACC_002";"34";"Innlandet";"Gammel høgstaudegråorskog";"2018-2024";0.36;"Yellow"
"ENCACC_002";"34";"Innlandet";"Gammel lågurtgranskog";"2018-2024";3.03;"Yellow"
"ENCACC_002";"34";"Innlandet";"Hagemark";"2018-2024";13.63;"Yellow"
"ENCACC_002";"34";"Innlandet";"Høgstaudegranskog";"2018-2024";2.12;"Yellow"
"ENCACC_002";"34";"Innlandet";"Intakt lavlandsmyr i innlandet";"2018-2024";0.2;"Yellow"
"ENCACC_002";"34";"Innlandet";"Kalkbarskog";"2018-2024";2.8;"Yellow"
"ENCACC_002";"34";"Innlandet";"Kalkbarskog, grandominert";"2018-2024";0.2;"Yellow"
"ENCACC_002";"34";"Innlandet";"Kalkbjørkeskog";"2018-2024";2.3;"Yellow"
"ENCACC_002";"34";"Innlandet";"Kalkfuruskog";"2018-2024";1.8;"Yellow"
"ENCACC_002";"34";"Innlandet";"Kalkrik helofyttsump";"2018-2024";0.05;"Yellow"
"ENCACC_002";"34";"Innlandet";"Kroksjøer, flomdammer og meandrerende elveparti";"2018-2024";0.09;"Yellow"
"ENCACC_002";"34";"Innlandet";"Lågurtfuruskog";"2018-2024";7.63;"Yellow"
"ENCACC_002";"34";"Innlandet";"Middels kalkrik innsjø (Klar intermediær innsjø)";"2018-2024";0.04;"Yellow"
"ENCACC_002";"34";"Innlandet";"Mudderbank";"2018-2024";0.08;"Yellow"
"ENCACC_002";"34";"Innlandet";"Naturbeitemark";"2018-2024";62.03;"Yellow"
"ENCACC_002";"34";"Innlandet";"Rik kulturlandskapssjø";"2018-2024";0.62;"Yellow"
"ENCACC_002";"34";"Innlandet";"Rik sandfuruskog";"2018-2024";0.76;"Yellow"
"ENCACC_002";"34";"Innlandet";"Rikmyr";"2018-2024";1.41;"Yellow"
"ENCACC_002";"34";"Innlandet";"Sandfuruskog";"2018-2024";0.79;"Yellow"
"ENCACC_002";"34";"Innlandet";"Semi-naturlig eng";"2018-2024";14.97;"Yellow"
"ENCACC_002";"34";"Innlandet";"Skogsbekkekløft";"2018-2024";0.92;"Yellow"
"ENCACC_002";"34";"Innlandet";"Slåttemark";"2018-2024";12.07;"Yellow"
"ENCACC_002";"34";"Innlandet";"Småbiotoper";"2018-2024";0.39;"Yellow"
"ENCACC_002";"34";"Innlandet";"Svært tørkeutsatt sørlig kalkberg";"2018-2024";0.03;"Yellow"
"ENCACC_002";"34";"Innlandet";"Viktig bekkedrag";"2018-2024";0.48;"Orange"
"ENCACC_002";"34";"Innlandet";"Åpen flomfastmark";"2018-2024";2.64;"Yellow"
"ENCACC_002";"34";"Innlandet";"Åpen flommark";"2018-2024";0.04;"Yellow"
"ENCACC_002";"39";"Vestfold";"Dam";"2018-2024";0.22;"Orange"
"ENCACC_002";"39";"Vestfold";"Eng-aktig sterkt endret fastmark";"2018-2024";0.06;"Yellow"
"ENCACC_002";"39";"Vestfold";"Flomskogsmark";"2018-2024";0.15;"Yellow"
"ENCACC_002";"39";"Vestfold";"Frisk lågurtbøkeskog";"2018-2024";3.46;"Yellow"
"ENCACC_002";"39";"Vestfold";"Frisk lågurtedellauvskog";"2018-2024";15.1;"Yellow"
"ENCACC_002";"39";"Vestfold";"Frisk lågurtfuruskog";"2018-2024";0.16;"Yellow"
"ENCACC_002";"39";"Vestfold";"Frisk rik edellauvskog";"2018-2024";4.16;"Yellow"
"ENCACC_002";"39";"Vestfold";"Gammel fattig edellauvskog";"2018-2024";11.31;"Yellow"
"ENCACC_002";"39";"Vestfold";"Gammel furuskog med gamle trær";"2018-2024";2.65;"Yellow"
"ENCACC_002";"39";"Vestfold";"Gammel furuskog med liggende død ved";"2018-2024";0;"Yellow"
"ENCACC_002";"39";"Vestfold";"Gammel furuskog med stående død ved";"2018-2024";0.17;"Yellow"
"ENCACC_002";"39";"Vestfold";"Gammel granskog med liggende død ved";"2018-2024";0.06;"Yellow"
"ENCACC_002";"39";"Vestfold";"Gammel høgstaudegråorskog";"2018-2024";0.19;"Yellow"
"ENCACC_002";"39";"Vestfold";"Gammel lågurtospeskog";"2018-2024";3.18;"Yellow"
"ENCACC_002";"39";"Vestfold";"Hagemark";"2018-2024";7.26;"Yellow"
"ENCACC_002";"39";"Vestfold";"Hule eiker";"2018-2024";55.69;"Yellow"
"ENCACC_002";"39";"Vestfold";"Høgstaude-edellauvskog";"2018-2024";2.55;"Yellow"
"ENCACC_002";"39";"Vestfold";"Kalkbarskog";"2018-2024";2.14;"Orange"
"ENCACC_002";"39";"Vestfold";"Kalkedellauvskog";"2018-2024";0.43;"Yellow"
"ENCACC_002";"39";"Vestfold";"Kalkfuruskog";"2018-2024";0.28;"Yellow"
"ENCACC_002";"39";"Vestfold";"Kalklindeskog";"2018-2024";1.19;"Yellow"
"ENCACC_002";"39";"Vestfold";"Kilde-edellauvskog";"2018-2024";1.35;"Yellow"
"ENCACC_002";"39";"Vestfold";"Lågurtalm-lind-hasselskog";"2018-2024";0.51;"Yellow"
"ENCACC_002";"39";"Vestfold";"Lågurtbøkeskog";"2018-2024";11.95;"Yellow"
"ENCACC_002";"39";"Vestfold";"Lågurtedellauvskog";"2018-2024";7.38;"Yellow"
"ENCACC_002";"39";"Vestfold";"Lågurteikeskog";"2018-2024";11.55;"Yellow"
"ENCACC_002";"39";"Vestfold";"Lågurtfuruskog";"2018-2024";2.12;"Yellow"
"ENCACC_002";"39";"Vestfold";"Naturbeitemark";"2018-2024";5.12;"Yellow"
"ENCACC_002";"39";"Vestfold";"Rik svartorsumpskog";"2018-2024";0.7;"Yellow"
"ENCACC_002";"39";"Vestfold";"Saltpåvirket svartorstrandskog";"2018-2024";0.69;"Yellow"
"ENCACC_002";"39";"Vestfold";"Semi-naturlig eng";"2018-2024";1.32;"Yellow"
"ENCACC_002";"39";"Vestfold";"Semi-naturlig strandeng";"2018-2024";0.08;"Yellow"
"ENCACC_002";"39";"Vestfold";"Slåttemark";"2018-2024";1.96;"Yellow"
"ENCACC_002";"39";"Vestfold";"Store gamle trær";"2018-2024";0.16;"Yellow"
"ENCACC_002";"39";"Vestfold";"Strandeng";"2018-2024";0.23;"Yellow"
"ENCACC_002";"39";"Vestfold";"Svært tørkeutsatt sørlig kalkberg";"2018-2024";0.01;"Yellow"
"ENCACC_002";"39";"Vestfold";"Viktig bekkedrag";"2018-2024";4.01;"Yellow"
"ENCACC_002";"39";"Vestfold";"Åpen grunnlendt kalkmark i boreonemoral sone";"2018-2024";0.05;"Yellow"
"ENCACC_002";"40";"Telemark";"Boreal hei";"2018-2024";1.59;"Yellow"
"ENCACC_002";"40";"Telemark";"Deltaområde";"2018-2024";0.01;"Yellow"
"ENCACC_002";"40";"Telemark";"Eng-aktig sterkt endret fastmark";"2018-2024";4.6;"Yellow"
"ENCACC_002";"40";"Telemark";"Flommarksskog";"2018-2024";9.29;"Yellow"
"ENCACC_002";"40";"Telemark";"Frisk lågurtedellauvskog";"2018-2024";9.94;"Yellow"
"ENCACC_002";"40";"Telemark";"Gammel fattig edellauvskog";"2018-2024";3.55;"Yellow"
"ENCACC_002";"40";"Telemark";"Gammel furuskog";"2018-2024";0.03;"Yellow"
"ENCACC_002";"40";"Telemark";"Gammel furuskog med gamle trær";"2018-2024";12.7;"Yellow"
"ENCACC_002";"40";"Telemark";"Gammel grandominert naturskog";"2018-2024";0.08;"Yellow"
"ENCACC_002";"40";"Telemark";"Gammel granskog med gamle trær";"2018-2024";4.98;"Yellow"
"ENCACC_002";"40";"Telemark";"Gammel lavlandsblandingsskog";"2018-2024";8.93;"Yellow"
"ENCACC_002";"40";"Telemark";"Gammel lågurtgranskog";"2018-2024";0.06;"Yellow"
"ENCACC_002";"40";"Telemark";"Hagemark";"2018-2024";0.5;"Yellow"
"ENCACC_002";"40";"Telemark";"Hule eiker";"2018-2024";5.87;"Yellow"
"ENCACC_002";"40";"Telemark";"Kalk- og lågurtfuruskog";"2018-2024";0.09;"Yellow"
"ENCACC_002";"40";"Telemark";"Kalkbjørkeskog";"2018-2024";1.42;"Yellow"
"ENCACC_002";"40";"Telemark";"Kalkedellauvskog";"2018-2024";1.24;"Yellow"
"ENCACC_002";"40";"Telemark";"Kalkfattig og intermediær fjellhei, leside og tundra";"2018-2024";4.37;"Yellow"
"ENCACC_002";"40";"Telemark";"Kalklindeskog";"2018-2024";1.73;"Yellow"
"ENCACC_002";"40";"Telemark";"Kalkskog";"2018-2024";0.43;"Yellow"
"ENCACC_002";"40";"Telemark";"Lågurtalm-lind-hasselskog";"2018-2024";0;"Yellow"
"ENCACC_002";"40";"Telemark";"Lågurtedellauvskog";"2018-2024";1.6;"Yellow"
"ENCACC_002";"40";"Telemark";"Lågurteikeskog";"2018-2024";5.17;"Yellow"
"ENCACC_002";"40";"Telemark";"Middels kalkrik innsjø (Klar intermediær innsjø)";"2018-2024";0.35;"Yellow"
"ENCACC_002";"40";"Telemark";"Naturbeitemark";"2018-2024";12.82;"Yellow"
"ENCACC_002";"40";"Telemark";"Parklandskap";"2018-2024";0.01;"Yellow"
"ENCACC_002";"40";"Telemark";"Rik blandingsskog i lavlandet";"2018-2024";3.2;"Yellow"
"ENCACC_002";"40";"Telemark";"Rik edellauvskog";"2018-2024";9.3;"Yellow"
"ENCACC_002";"40";"Telemark";"Rik sandfuruskog";"2018-2024";0.16;"Yellow"
"ENCACC_002";"40";"Telemark";"Slåttemark";"2018-2024";2.37;"Yellow"
"ENCACC_002";"40";"Telemark";"Store gamle trær";"2018-2024";8.38;"Yellow"
"ENCACC_002";"40";"Telemark";"Tørkeutsatt kalkgranskog";"2018-2024";2.71;"Yellow"
"ENCACC_002";"40";"Telemark";"Viktig bekkedrag";"2018-2024";0.49;"Yellow"
"ENCACC_002";"42";"Agder";"Boreal hei";"2018-2024";6.4;"Yellow"
"ENCACC_002";"42";"Agder";"Eng-aktig sterkt endret fastmark";"2018-2024";0.47;"Yellow"
"ENCACC_002";"42";"Agder";"Evjer, bukter og viker";"2018-2024";0.28;"Yellow"
"ENCACC_002";"42";"Agder";"Frisk lågurtedellauvskog";"2018-2024";2.04;"Yellow"
"ENCACC_002";"42";"Agder";"Frisk rik edellauvskog";"2018-2024";2.88;"Yellow"
"ENCACC_002";"42";"Agder";"Gammel fattig edellauvskog";"2018-2024";11.02;"Yellow"
"ENCACC_002";"42";"Agder";"Gammel fattig sumpskog";"2018-2024";3.22;"Yellow"
"ENCACC_002";"42";"Agder";"Gammel furudominert naturskog";"2018-2024";4.62;"Yellow"
"ENCACC_002";"42";"Agder";"Gammel furuskog med gamle trær";"2018-2024";14.57;"Yellow"
"ENCACC_002";"42";"Agder";"Gammel furuskog med liggende død ved";"2018-2024";0.14;"Yellow"
"ENCACC_002";"42";"Agder";"Hagemark";"2018-2024";0.21;"Yellow"
"ENCACC_002";"42";"Agder";"Hule eiker";"2018-2024";16.18;"Yellow"
"ENCACC_002";"42";"Agder";"Høgstaude-edellauvskog";"2018-2024";0.04;"Yellow"
"ENCACC_002";"42";"Agder";"Kalkrik alm-lind-hasselskog";"2018-2024";0.16;"Yellow"
"ENCACC_002";"42";"Agder";"Kystlynghei";"2018-2024";62.83;"Yellow"
"ENCACC_002";"42";"Agder";"Lågurtalm-lind-hasselskog";"2018-2024";0.84;"Yellow"
"ENCACC_002";"42";"Agder";"Lågurtedellauvskog";"2018-2024";0.31;"Yellow"
"ENCACC_002";"42";"Agder";"Lågurteikeskog";"2018-2024";11.44;"Yellow"
"ENCACC_002";"42";"Agder";"Lågurtfuruskog";"2018-2024";4.04;"Yellow"
"ENCACC_002";"42";"Agder";"Mudderbank";"2018-2024";0;"Yellow"
"ENCACC_002";"42";"Agder";"Naturbeitemark";"2018-2024";6.9;"Yellow"
"ENCACC_002";"42";"Agder";"Parklandskap";"2018-2024";0.37;"Yellow"
"ENCACC_002";"42";"Agder";"Rik edellauvskog";"2018-2024";4.88;"Yellow"
"ENCACC_002";"42";"Agder";"Rik sump- og kildeskog";"2018-2024";0.16;"Yellow"
"ENCACC_002";"42";"Agder";"Rik svartorstrandskog";"2018-2024";0.15;"Yellow"
"ENCACC_002";"42";"Agder";"Rik svartorsumpskog";"2018-2024";4.2;"Yellow"
"ENCACC_002";"42";"Agder";"Saltpåvirket svartorstrandskog";"2018-2024";0.07;"Yellow"
"ENCACC_002";"42";"Agder";"Semi-naturlig eng";"2018-2024";1.05;"Yellow"
"ENCACC_002";"42";"Agder";"Semi-naturlig strandeng";"2018-2024";0.05;"Yellow"
"ENCACC_002";"42";"Agder";"Slåttemark";"2018-2024";9.86;"Yellow"
"ENCACC_002";"42";"Agder";"Store gamle trær";"2018-2024";1.23;"Yellow"
"ENCACC_002";"42";"Agder";"Strandeng";"2018-2024";0.93;"Yellow"
"ENCACC_002";"42";"Agder";"Strandeng og strandsump";"2018-2024";0.42;"Yellow"
"ENCACC_002";"42";"Agder";"Viktig bekkedrag";"2018-2024";0.68;"Yellow"
"ENCACC_002";"46";"Vestland";"Boreal hei";"2018-2024";28.97;"Yellow"
"ENCACC_002";"46";"Vestland";"Boreonemoral regnskog";"2018-2024";0.53;"Yellow"
"ENCACC_002";"46";"Vestland";"Elveslette";"2018-2024";0.17;"Yellow"
"ENCACC_002";"46";"Vestland";"Eng-aktig sterkt endret fastmark";"2018-2024";2.39;"Yellow"
"ENCACC_002";"46";"Vestland";"Flomskogsmark";"2018-2024";1.12;"Yellow"
"ENCACC_002";"46";"Vestland";"Fosseberg";"2018-2024";2.45;"Orange"
"ENCACC_002";"46";"Vestland";"Frisk lågurtedellauvskog";"2018-2024";2.37;"Yellow"
"ENCACC_002";"46";"Vestland";"Frisk lågurtfuruskog";"2018-2024";0.04;"Yellow"
"ENCACC_002";"46";"Vestland";"Gammel barskog";"2018-2024";3.33;"Yellow"
"ENCACC_002";"46";"Vestland";"Gammel fattig edellauvskog";"2018-2024";2.74;"Yellow"
"ENCACC_002";"46";"Vestland";"Gammel høgstaudegråorskog";"2018-2024";0.52;"Yellow"
"ENCACC_002";"46";"Vestland";"Gammel lågurtospeskog";"2018-2024";0.31;"Yellow"
"ENCACC_002";"46";"Vestland";"Gammel lågurtselje-rogneskog";"2018-2024";0;"Yellow"
"ENCACC_002";"46";"Vestland";"Hagemark";"2018-2024";7.43;"Yellow"
"ENCACC_002";"46";"Vestland";"Hule eiker";"2018-2024";4.29;"Yellow"
"ENCACC_002";"46";"Vestland";"Høgstaude-edellauvskog";"2018-2024";0.09;"Yellow"
"ENCACC_002";"46";"Vestland";"Høstingsskog";"2018-2024";1.51;"Yellow"
"ENCACC_002";"46";"Vestland";"Kalkfattig og intermediær fjellhei, leside og tundra";"2018-2024";15.21;"Yellow"
"ENCACC_002";"46";"Vestland";"Kystlynghei";"2018-2024";612.83;"Yellow"
"ENCACC_002";"46";"Vestland";"Lågurtalm-lind-hasselskog";"2018-2024";6.96;"Yellow"
"ENCACC_002";"46";"Vestland";"Lågurtedellauvskog";"2018-2024";0.75;"Yellow"
"ENCACC_002";"46";"Vestland";"Lågurteikeskog";"2018-2024";1.6;"Yellow"
"ENCACC_002";"46";"Vestland";"Lågurtfuruskog";"2018-2024";0.01;"Yellow"
"ENCACC_002";"46";"Vestland";"Naturbeitemark";"2018-2024";52.28;"Yellow"
"ENCACC_002";"46";"Vestland";"Nordvendte kystberg og blokkmark";"2018-2024";0.19;"Yellow"
"ENCACC_002";"46";"Vestland";"Oseanisk nedbørsmyr";"2018-2024";1.36;"Yellow"
"ENCACC_002";"46";"Vestland";"Rik edellauvskog";"2018-2024";24.11;"Yellow"
"ENCACC_002";"46";"Vestland";"Rik svartorsumpskog";"2018-2024";0.04;"Yellow"
"ENCACC_002";"46";"Vestland";"Rik åpen sørlig jordvannsmyr";"2018-2024";0.03;"Yellow"
"ENCACC_002";"46";"Vestland";"Semi-naturlig eng";"2018-2024";4.46;"Yellow"
"ENCACC_002";"46";"Vestland";"Semi-naturlig strandeng";"2018-2024";0;"Yellow"
"ENCACC_002";"46";"Vestland";"Slåttemark";"2018-2024";7.75;"Yellow"
"ENCACC_002";"46";"Vestland";"Store gamle trær";"2018-2024";1.04;"Yellow"
"ENCACC_002";"46";"Vestland";"Strandeng";"2018-2024";0.33;"Yellow"
"ENCACC_002";"46";"Vestland";"Strandeng og strandsump";"2018-2024";0.61;"Yellow"
"ENCACC_002";"50";"Trøndelag - Trööndelage";"Boreal hei";"2018-2024";30.4;"Yellow"
"ENCACC_002";"50";"Trøndelag - Trööndelage";"Boreal regnskog";"2018-2024";0.02;"Yellow"
"ENCACC_002";"50";"Trøndelag - Trööndelage";"Eng-aktig sterkt endret fastmark";"2018-2024";1.3;"Yellow"
"ENCACC_002";"50";"Trøndelag - Trööndelage";"Flommarksskog";"2018-2024";0;"Yellow"
"ENCACC_002";"50";"Trøndelag - Trööndelage";"Flomskogsmark";"2018-2024";2.23;"Yellow"
"ENCACC_002";"50";"Trøndelag - Trööndelage";"Fossepåvirket berg";"2018-2024";0.01;"Yellow"
"ENCACC_002";"50";"Trøndelag - Trööndelage";"Frisk lågurtedellauvskog";"2018-2024";0.12;"Yellow"
"ENCACC_002";"50";"Trøndelag - Trööndelage";"Frisk rik edellauvskog";"2018-2024";0.89;"Yellow"
"ENCACC_002";"50";"Trøndelag - Trööndelage";"Gammel furuskog";"2018-2024";0.82;"Yellow"
"ENCACC_002";"50";"Trøndelag - Trööndelage";"Gammel furuskog med gamle trær";"2018-2024";1.16;"Yellow"
"ENCACC_002";"50";"Trøndelag - Trööndelage";"Gammel furuskog med stående død ved";"2018-2024";0.59;"Yellow"
"ENCACC_002";"50";"Trøndelag - Trööndelage";"Gammel granskog med liggende død ved";"2018-2024";2.75;"Yellow"
"ENCACC_002";"50";"Trøndelag - Trööndelage";"Gammel høgstaudegråorskog";"2018-2024";6.28;"Yellow"
"ENCACC_002";"50";"Trøndelag - Trööndelage";"Gammel lågurtospeskog";"2018-2024";5.27;"Yellow"
"ENCACC_002";"50";"Trøndelag - Trööndelage";"Hagemark";"2018-2024";1.73;"Yellow"
"ENCACC_002";"50";"Trøndelag - Trööndelage";"Hule eiker";"2018-2024";0.14;"Yellow"
"ENCACC_002";"50";"Trøndelag - Trööndelage";"Høgstaude-edellauvskog";"2018-2024";0.02;"Yellow"
"ENCACC_002";"50";"Trøndelag - Trööndelage";"Kalk- og lågurtfuruskog";"2018-2024";0.88;"Yellow"
"ENCACC_002";"50";"Trøndelag - Trööndelage";"Kalkfattig og intermediær fjellhei, leside og tundra";"2018-2024";0.27;"Yellow"
"ENCACC_002";"50";"Trøndelag - Trööndelage";"Kalkfattig og klar bekk eller elv";"2018-2024";0.13;"Yellow"
"ENCACC_002";"50";"Trøndelag - Trööndelage";"Kalkrik fjellhei, leside og tundra";"2018-2024";0.24;"Yellow"
"ENCACC_002";"50";"Trøndelag - Trööndelage";"Kalkskog";"2018-2024";0.11;"Yellow"
"ENCACC_002";"50";"Trøndelag - Trööndelage";"Kroksjøer, flomdammer og meandrerende elveparti";"2018-2024";4.28;"Yellow"
"ENCACC_002";"50";"Trøndelag - Trööndelage";"Kystlynghei";"2018-2024";398.17;"Yellow"
"ENCACC_002";"50";"Trøndelag - Trööndelage";"Lågurtfuruskog";"2018-2024";0.03;"Yellow"
"ENCACC_002";"50";"Trøndelag - Trööndelage";"Nakent tørkeutsatt kalkberg";"2018-2024";1.58;"Yellow"
"ENCACC_002";"50";"Trøndelag - Trööndelage";"Naturbeitemark";"2018-2024";56.27;"Yellow"
"ENCACC_002";"50";"Trøndelag - Trööndelage";"Regnskog";"2018-2024";2.08;"Yellow"
"ENCACC_002";"50";"Trøndelag - Trööndelage";"Rik gransumpskog";"2018-2024";0.94;"Yellow"
"ENCACC_002";"50";"Trøndelag - Trööndelage";"Rik åpen sørlig jordvannsmyr";"2018-2024";2.6;"Yellow"
"ENCACC_002";"50";"Trøndelag - Trööndelage";"Rikmyr";"2018-2024";2.14;"Yellow"
"ENCACC_002";"50";"Trøndelag - Trööndelage";"Semi-naturlig eng";"2018-2024";17.41;"Yellow"
"ENCACC_002";"50";"Trøndelag - Trööndelage";"Semi-naturlig strandeng";"2018-2024";0.07;"Yellow"
"ENCACC_002";"50";"Trøndelag - Trööndelage";"Slåttemark";"2018-2024";0.08;"Yellow"
"ENCACC_002";"50";"Trøndelag - Trööndelage";"Strandeng";"2018-2024";1.72;"Yellow"
"ENCACC_002";"50";"Trøndelag - Trööndelage";"Sørlig nedbørsmyr";"2018-2024";0;"Yellow"
"ENCACC_002";"50";"Trøndelag - Trööndelage";"Sørvendte berg og rasmarker";"2018-2024";2.88;"Yellow"
"ENCACC_002";"50";"Trøndelag - Trööndelage";"Tørkeutsatt kalkgranskog";"2018-2024";0.9;"Yellow"
"ENCACC_002";"50";"Trøndelag - Trööndelage";"Åpen flomfastmark";"2018-2024";0.43;"Yellow"
"ENCACC_002";"50";"Trøndelag - Trööndelage";"Åpen flommark";"2018-2024";8.51;"Yellow"
"ENCACC_002";"50";"Trøndelag - Trööndelage";"Øyblandingsmyr";"2018-2024";0.45;"Yellow"
"ENCACC_002";"55";"Troms – Romsa – Tromssa";"Boreal hei";"2018-2024";14.27;"Yellow"
"ENCACC_002";"55";"Troms – Romsa – Tromssa";"Brakkvannsdelta";"2018-2024";3.45;"Orange"
"ENCACC_002";"55";"Troms – Romsa – Tromssa";"Eng-aktig sterkt endret fastmark";"2018-2024";1.42;"Yellow"
"ENCACC_002";"55";"Troms – Romsa – Tromssa";"Flomskogsmark";"2018-2024";1.97;"Yellow"
"ENCACC_002";"55";"Troms – Romsa – Tromssa";"Gammel høgstaudegråorskog";"2018-2024";0.07;"Yellow"
"ENCACC_002";"55";"Troms – Romsa – Tromssa";"Gammel lågurtselje-rogneskog";"2018-2024";0.19;"Yellow"
"ENCACC_002";"55";"Troms – Romsa – Tromssa";"Hagemark";"2018-2024";1.19;"Yellow"
"ENCACC_002";"55";"Troms – Romsa – Tromssa";"Høgereligende og nordlig nedbørsmyr";"2018-2024";27.78;"Yellow"
"ENCACC_002";"55";"Troms – Romsa – Tromssa";"Kalkbjørkeskog";"2018-2024";0.22;"Yellow"
"ENCACC_002";"55";"Troms – Romsa – Tromssa";"Kalkrik åpen jordvannsmyr i boreonemoral til nordboreal sone";"2018-2024";1.13;"Yellow"
"ENCACC_002";"55";"Troms – Romsa – Tromssa";"Lågurtfuruskog";"2018-2024";1;"Yellow"
"ENCACC_002";"55";"Troms – Romsa – Tromssa";"Naturbeitemark";"2018-2024";14.18;"Yellow"
"ENCACC_002";"55";"Troms – Romsa – Tromssa";"Rik gråorsumpskog";"2018-2024";1;"Yellow"
"ENCACC_002";"55";"Troms – Romsa – Tromssa";"Rik åpen jordvannsmyr i mellomboreal sone";"2018-2024";0.35;"Yellow"
"ENCACC_002";"55";"Troms – Romsa – Tromssa";"Slåtte- og beitemyr";"2018-2024";0.09;"Yellow"
"ENCACC_002";"55";"Troms – Romsa – Tromssa";"Strandeng";"2018-2024";0;"Yellow"
"ENCACC_002";"56";"Finnmark – Finnmárku – Finmarkku";"Aktiv skredmark";"2018-2024";0.44;"Yellow"
"ENCACC_002";"56";"Finnmark – Finnmárku – Finmarkku";"Boreal hei";"2018-2024";0.06;"Yellow"
"ENCACC_002";"56";"Finnmark – Finnmárku – Finmarkku";"Brakkvannsdelta";"2018-2024";0.07;"Yellow"
"ENCACC_002";"56";"Finnmark – Finnmárku – Finmarkku";"Eng-aktig sterkt endret fastmark";"2018-2024";1.19;"Yellow"
"ENCACC_002";"56";"Finnmark – Finnmárku – Finmarkku";"Flomskogsmark";"2018-2024";24.68;"Yellow"
"ENCACC_002";"56";"Finnmark – Finnmárku – Finmarkku";"Gammel barskog";"2018-2024";9.72;"Orange"
"ENCACC_002";"56";"Finnmark – Finnmárku – Finmarkku";"Kalkfattig og intermediær fjellhei, leside og tundra";"2018-2024";17.31;"Yellow"
"ENCACC_002";"56";"Finnmark – Finnmárku – Finmarkku";"Kalkrik fjellhei, leside og tundra";"2018-2024";0.1;"Yellow"
"ENCACC_002";"56";"Finnmark – Finnmárku – Finmarkku";"Naturbeitemark";"2018-2024";2.22;"Yellow"
"ENCACC_002";"56";"Finnmark – Finnmárku – Finmarkku";"Sanddyne";"2018-2024";1.16;"Yellow"
"ENCACC_002";"56";"Finnmark – Finnmárku – Finmarkku";"Semi-naturlig eng";"2018-2024";11.96;"Yellow"
"ENCACC_002";"56";"Finnmark – Finnmárku – Finmarkku";"Slåttemark";"2018-2024";1.59;"Yellow"
"ENCACC_002";"56";"Finnmark – Finnmárku – Finmarkku";"Åpen flomfastmark";"2018-2024";28.88;"Yellow"
"ENCACC_002";"Norge";"Norge";"Alle";"2018-2024";4531.84;"Yellow"
